customername,address,contactNo
Abel,37275 St  Rt 17m M,631-335-3414
Adelina,80 Pittsford Victor Rd #9,216-230-4892
Adell,65 Mountain View Dr,973-654-1561
Ahmed,2 W Beverly Blvd,717-528-8996
Aja,993 Washington Ave,973-544-2677
Alaine,7667 S Hulen St #42,914-300-9193
Albina,4 Ralph Ct,732-924-7882
Alease,4 Webbs Chapel Rd,303-301-4946
Alecia,6535 Joyce St,940-276-7922
Alesia,9 Front St,202-646-7516
Alex,37 N Elm St #916,253-660-7821
Alisha,3273 State St,732-658-3154
Alishia,2742 Distribution Way,212-860-1579
Aliza,1128 Delaware St,408-504-3552
Allene,1 Central Ave,715-662-6764
Alline,55713 Lake City Hwy,574-656-2800
Alpha,43496 Commercial Dr #29,856-312-2629
Alyce,3196 S Rider Trl,209-317-1801
Amber,14288 Foster Ave #4121,215-934-8655
Amie,596 Santa Maria Ave #7913,972-419-7946
Ammie,74874 Atlantic Ave,614-801-9788
An,506 S Hacienda Dr,609-228-5265
Andra,9 Church St,503-516-2189
Angella,185 Blackstone Bldge,808-892-7943
Annabelle,523 Marquette Ave,978-697-6263
Annelle,5 W 7th St,410-757-1035
Annmarie,80312 W 32nd St,936-751-7961
Antione,4 S Washington Ave,909-430-7765
Arlene,3 Secor Rd,504-710-5840
Arlette,11279 Loytan St,904-775-4480
Arminda,1 Huntwood Ave,602-906-9419
Art,8 W Cerritos Ave #54,856-636-8749
Arthur,28 S 7th St #2824,201-238-5688
Ashlyn,703 Beville Rd,305-670-9628
Audra,134 Lewis Rd,615-406-7854
Audry,70295 Pioneer Ct,813-797-4816
Avery,93 Redmond Rd #492,407-808-9439
Barbra,4 Kohler Memorial Dr,718-201-3751
Barrett,4252 N Washington Ave #9,817-765-5781
Beatriz,481 W Lemon St,508-584-4279
Beckie,7116 Western Ave,313-533-4884
Becky,30553 Washington Rd,908-877-8409
Belen,5384 Southwyck Blvd,770-507-8791
Benedict,4923 Carey Ave,314-787-1588
Benton,47939 Porter Ave,310-579-2907
Bernardine,2 W Grand Ave,901-901-4726
Bernardo,386 9th Ave N,936-336-3951
Bette,6 S 33rd St,610-545-3615
Billye,36 Lancaster Dr Se,601-567-5386
Blair,209 Decker Dr,215-907-9111
Blondell,201 Hawk Ct,401-960-8259
Bobbye,30 W 80th St #1995,650-528-5783
Bok,6 Gilson St,718-809-3762
Brandon,7 Benton Dr,808-215-6832
Brett,87895 Concord Rd,619-461-9984
Britt,2500 Pringle Rd Se #508,215-888-3304
Brittni,67 Rv Cent,208-709-1235
Brock,4486 W O St #1,212-402-9216
Buddy,944 Gaither Dr,440-989-5826
Bulah,8927 Vandever Ave,254-463-4368
Caitlin,5 Williams St,401-948-4982
Cammy,56 E Morehead St,956-537-6195
Candida,406 Main St,908-275-8357
Caprice,90177 N 55th Ave,615-246-1824
Carey,87393 E Highland Rd,317-578-2453
Carin,1844 Southern Blvd,501-308-1040
Carissa,12270 Caton Center Dr,541-326-4074
Carlee,8284 Hart St,785-347-1805
Carma,68556 Central Hwy,510-503-7169
Carmela,9 Murfreesboro Rd,773-494-4195
Carmelina,2664 Lewis Rd,303-724-7371
Carmen,61304 N French Rd,732-941-2621
Casie,5221 Bear Valley Rd,615-390-2251
Cassi,26849 Jefferson Hwy,847-633-3216
Catalina,3338 A Lockport Pl #6,609-373-3332
Catarina,78 Maryland Dr #146,973-210-3994
Cathrine,812 S Haven St,806-703-1435
Cecil,4 Stovall St #72,201-693-3967
Cecilia,4 Nw 12th St #3849,608-382-4541
Cecily,59 N Groesbeck Hwy,512-486-3817
Celeste,7 W Pinhook Rd,516-509-2347
Ceola,96263 Greenwood Pl,207-627-7565
Chanel,86 Nw 66th St #8673,913-388-2079
Chantell,2023 Greg St,651-591-2583
Charlene,985 E 6th Ave,707-300-1771
Chau,429 Tiger Ln,310-560-8022
Chaya,560 Civic Center Dr,734-928-5182
Cherry,40 9th Ave Sw #91,248-980-6904
Cheryl,92 Main St,609-518-7697
Christiane,96541 W Central Blvd,602-390-4944
Ciara,53 W Carey St,845-823-8877
Claribel,6 Harry L Dr #6327,419-544-4900
Clay,73 Saint Ann St #86,775-501-8109
Clorinda,105 Richmond Valley Rd,760-291-5497
Colette,21575 S Apple Creek Rd,402-896-5943
Cordelia,393 Hammond Dr,337-566-6001
Corinne,4 Carroll St,508-942-4186
Cory,83649 W Belmont Ave,626-572-1096
Cristal,4119 Metropolitan Dr,213-975-8026
Cristy,3989 Portage Tr,760-971-4322
Cyndy,170 Wyoming Ave,952-334-9408
Cyril,3 Lawton St,212-745-8484
Dalene,910 Rahway Ave,215-268-1275
Dalene,66552 Malone Rd,603-315-6839
Danica,840 15th Ave,254-782-8569
Daniel,11360 S Halsted St,714-771-3880
Daniela,7 Flowers Rd #403,609-200-8577
Daren,9 N College Ave #3,414-959-2540
Daron,18 Waterloo Geneva Rd,847-233-3075
Dean,2 Flynn Rd,516-847-4418
Deandrea,33 Lewis Rd #46,336-822-7652
Deeanna,14302 Pennsylvania Ave,215-211-9589
Delisa,47565 W Grand Ave,973-354-2040
Delmy,65895 S 16th St,401-458-2547
Denise,2139 Santa Rosa Ave,407-446-4358
Deonna,57 Haven Ave #90,248-913-4677
Derick,87163 N Main Ave,212-304-4515
Detra,96950 Hidden Ln,410-739-9277
Devora,72868 Blackington Ave,510-955-3016
Devorah,31 Douglas Blvd #950,505-975-8559
Diane,1953 Telegraph Rd,816-557-9673
Dick,22 Spruce St #595,310-510-9713
Dierdre,63381 Jenks Ave,215-325-3042
Dominque,69 Marquette Ave,510-993-3758
Donette,34 Center St,513-570-1893
Donte,3 Aspen St,508-429-8576
Dorothy,469 Outwater Ln,858-617-7834
Dorthy,9635 S Main St,208-649-2373
Dottie,67 E Chestnut Hill Rd,206-540-6076
Dulce,9581 E Arapahoe Rd,248-357-8718
Dyan,7219 Woodfield Rd,913-413-4604
Earleen,75684 S Withlapopka Dr #32,214-289-1973
Eden,4 Iwaena St,410-890-7866
Edna,555 Main St,814-460-2655
Eladia,3958 S Dupont Hwy #7,201-474-4924
Elke,9 W Central Ave,602-896-2993
Elli,6 Sunrise Ave,315-818-2638
Elly,7 W 32nd St,814-393-5571
Elouise,9506 Edgemore Ave,301-841-5012
Elvera,99385 Charity St #840,408-703-8505
Elza,6794 Lake Dr E,973-927-3447
Emerson,762 S Main St,608-336-7444
Erick,45 E Acacia Ct,773-704-9903
Erick,20 S Babcock St,907-741-1044
Erinn,13 S Hacienda Dr,973-767-3008
Ernest,94 Chase Rd,301-998-9644
Ernie,45 E Liberty St,201-709-6245
Estrella,64 Lakeview Ave,608-976-7199
Ettie,39 Franklin Ave,509-755-5393
Eun,84 Bloomfield Ave,864-256-3620
Evangelina,992 Civic Center Dr,215-964-3284
Ezekiel,2 Cedar Ave #84,410-669-1642
Fabiola,8573 Lincoln Blvd,717-809-3119
Fannie,17 Us Highway 111,512-587-5746
Fatima,2 Lighthouse Ave,952-768-2416
Fausto,5 Harrison Rd,212-313-1783
Felicidad,9939 N 14th St,856-305-9731
Felix,7563 Cornwall Rd #4462,717-491-5643
Fernanda,60480 Old Us Highway 51,410-387-5260
Filiberto,3882 W Congress St #799,323-765-2528
Fletcher,394 Manchester Blvd,815-828-2147
Flo,89992 E 15th St,308-726-2182
France,64 Newman Springs Rd E,718-478-8504
Francine,366 South Dr,505-977-3911
Franklyn,4379 Highway 116,215-558-8189
Frederica,99586 Main St,214-428-2285
Freeman,383 Gunderman Rd #197,610-476-3501
Gail,62 Monroe St,760-616-5388
Gail,735 Crawford Dr,907-435-9166
Galen,617 Nw 36th Ave,216-600-6111
Garry,5 Green Pond Rd #4,215-979-8776
Gary,2 W Mount Royal Ave,317-542-6023
Gayla,38 Pleasant Hill Rd,510-686-3407
Gearldine,4 Bloomfield Ave,972-934-6914
Geoffrey,7 West Ave #1,847-222-1734
Georgene,98 University Dr,925-615-5185
Gertude,7 Tarrytown Rd,513-977-7043
Gilma,16452 Greenwich St,516-393-9967
Gladys,322 New Horizon Blvd,414-661-9598
Glen,8739 Hudson St,206-697-5796
Glendora,2140 Diamond Blvd,707-653-8214
Glenn,29 Cherry St #7073,515-370-7348
Glenna,2759 Livingston Ave,901-640-9178
Glory,55892 Jacksonville Rd,410-224-9462
Glory,5 E Truman Rd,325-869-2649
Golda,6201 S Nevada Ave,732-628-9909
Goldie,34 Saint George Ave #2,207-295-7569
Gracia,97 Airport Loop Dr,904-235-3633
Graciela,98 Connecticut Ave Nw,440-780-8425
Gregoria,455 N Main Ave,516-212-1915
Gwenn,3270 Dequindre Rd,631-258-6558
Harrison,759 Eldora St,203-801-6193
Haydee,25346 New Rd,212-792-8658
Heike,3 Railway Ave #75,973-936-5095
Helaine,8 Sheridan Rd,201-832-4168
Helene,347 Chestnut St,623-461-8551
Helga,42754 S Ash Ave,716-752-4114
Herman,9 Norristown Rd,518-497-2940
Hermila,1 Rancho Del Mar Shopping C,401-893-4882
Herminia,4 58th St #3519,602-954-5141
Hillary,9 Wales Rd Ne #914,352-242-2570
Hoa,27846 Lafayette Ave,386-526-7800
Howard,866 34th Ave,303-623-4241
Hubert,95 Main Ave #2,330-903-1345
Ilene,2853 S Central Expy,410-914-9018
Iluminada,72 Southern Blvd,480-293-2882
Irma,9745 W Main St,973-545-7355
Izetta,82 Winsor St #54,770-844-3447
Izetta,2 W Scyene Rd #3,410-473-1708
Jaclyn,721 Interstate 45 S,719-853-3600
Jacqueline,1 N San Saba,814-865-8113
Jade,6882 Torresdale Ave,803-352-5387
Jamal,53075 Sw 152nd Ter #615,732-234-1546
James,6649 N Blue Gum St,504-621-8927
Janey,40 Cambridge Ave,608-967-7194
Jani,61556 W 20th Ave,206-711-6498
Janine,92 Broadway,718-228-5894
Jeanice,19 Amboy Ave,305-988-4162
Jenelle,3211 E Northeast Loop,813-932-8715
Jennie,63728 Poway Rd #1,570-218-4831
Jennifer,44 58th St,847-979-9545
Jerry,77 Massillon Rd #822,321-518-5938
Jerry,393 Lafayette Ave,804-762-9576
Jess,18 3rd Ave,212-510-4633
Jesusa,2239 Shawnee Mission Pky,931-273-8709
Jesusita,3943 N Highland Ave,717-885-9118
Jettie,50 E Wacker Dr,908-802-3564
Jina,38938 Park Blvd,617-399-5124
Joanna,1 Washington St,561-470-4574
Joesph,2887 Knowlton St #5435,510-677-9785
Johnetta,1088 Pinehurst St,919-225-9345
Johnna,5 S Colorado Blvd #449,425-986-7573
Jolanda,37855 Nolan Rd,207-458-9196
Jolene,1610 14th St Nw,757-682-7116
Joni,35 E Main St #43,847-519-5906
Jose,128 Bransten Rd,212-675-8570
Joseph,60 Fillmore Ave,714-584-2237
Josephine,4 B Blue Ridge Blvd,810-292-9388
Josphine,63 Smith Ln #8343,931-553-9774
Jovita,8 S Haven St,386-248-4118
Judy,8977 Connecticut Ave Nw #3,269-756-7222
Junita,94 W Dodge Rd,775-638-9963
Junita,6 S Broadway St,973-943-3423
Justine,48 Stratford Ave,909-993-3242
Justine,38062 E Main St,212-304-9225
Jutta,49 N Mays St,337-515-1438
Kaitlyn,2 S Biscayne Blvd,410-665-4903
Kallie,701 S Harrison Rd,415-315-2761
Kanisha,5 Tomahawk Dr,323-453-2780
Karan,3 Elmwood Dr,503-940-8327
Karl,76 Brooks St #9,908-877-6135
Kasandra,369 Latham St #500,314-732-9131
Kate,33 N Michigan Ave,920-353-6377
Kati,6980 Dorsett Rd,785-463-7829
Katina,5 Little River Tpke,978-626-2978
Kattie,2845 Boulder Crescent St,216-923-3715
Kayleigh,43 Huey P Long Ave,337-740-9323
Keneth,86350 Roszel Rd,602-919-4211
Kenneth,2167 Sierra Rd,517-499-2322
Kerry,6916 W Main St,916-591-3277
Kiley,25 E 75th St #69,310-498-5651
Kimberlie,8100 Jacksonville Rd #7,785-629-8542
Kimbery,798 Lund Farm Way,973-310-1634
Kirk,88 15th Ave Ne,607-407-3716
Kris,228 Runamuck Pl #2808,410-655-8723
Krissy,8728 S Broad St,631-443-4710
Kristeen,70099 E North Ave,817-213-8851
Kristel,92899 Kalakaua Ave,915-452-1290
Kristofer,772 W River Dr,812-368-1511
Lai,37 Alabama Ave,847-728-7286
Lai,1933 Packer Ave #2,415-423-3294
Larae,6651 Municipal Rd,985-890-7262
Lashandra,810 N La Brea Ave,610-809-1818
Lashaunda,3387 Ryan Dr,410-678-2473
Lashawnda,7422 Martin Ave #8,419-588-8719
Lashon,433 Westminster Blvd #590,916-741-7884
Laticia,72 Mannix Dr,513-508-7371
Latrice,81 Norris Ave #525,631-957-7624
Lauran,66697 Park Pl #3224,307-342-7795
Laurel,36 Enterprise St Se,509-695-5199
Laurel,6 Kains Ave,410-520-4832
Lavera,678 3rd Ave,305-606-7291
Lavonda,87 Imperial Ct #79,701-898-2154
Lavonna,5 Cabot Rd,703-483-1970
Lawrence,9 Hwy,401-465-6432
Layla,229 N Forty Driv,212-260-3151
Leatha,627 Walford Ave,214-339-1809
Lemuel,70 Euclid Ave #722,631-748-6479
Lenna,987 Main St,919-623-2524
Lenna,639 Main St,907-385-4412
Leonida,5 Elmwood Park Blvd,228-235-5615
Leonora,3381 E 40th Ave,973-412-2995
Leota,99 5th Ave #33,706-221-4243
Leota,7 W Jackson Blvd,408-752-3500
Leslie,2 A Kelley Dr,914-861-9748
Lettie,70 W Main St,216-657-7668
Levi,2094 Ne 36th Ave,508-456-4907
Lezlie,749 W 18th St #45,919-533-3762
Ligia,206 Main St #2804,517-906-1108
Lili,20113 4th Ave E,201-431-2989
Lilli,33 State St,325-631-1560
Lindsey,52777 Leaders Heights Rd,909-639-9887
Linn,1 S Pine St,901-412-4381
Lisha,64 5th Ave #1153,703-235-3937
Lizbeth,35433 Blake St #588,310-699-1222
Lizette,501 N 19th Ave,856-487-5412
Lonna,1482 College Ave,910-922-3672
Lonny,51120 State Route 18,801-293-9853
Lorean,85092 Southern Blvd,210-856-4979
Loren,6 Ridgewood Center Dr,570-648-3035
Loreta,47857 Coney Island Ave,301-696-6420
Lorrie,39 S 7th St,931-875-6644
Lorrine,8 Fair Lawn Ave,813-769-2939
Louisa,524 Louisiana Ave Nw,510-828-7047
Louvenia,598 43rd St,310-820-2117
Lucina,8597 W National Ave,321-749-4981
Lucy,57254 Brickell Ave #372,508-769-5250
Luisa,25 Se 176th Pl,617-365-2134
Lynelle,32820 Corkwood Rd,973-860-8610
Ma,78112 Morris Ave,203-721-3388
Maile,9 Plainsboro Rd #598,336-670-2640
Malcolm,747 Leonis Blvd,703-221-5602
Malinda,55 Riverside Ave,317-722-5066
Margart,868 State St #38,513-617-2362
Marge,189 Village Park Rd,850-430-1663
Marguerita,82 N Highway 67,925-634-7158
Mari,1 Century Park E,858-793-9684
Mariann,3125 Packer Ave #9851,512-223-4791
Marjory,71 San Mateo Ave,610-814-5533
Markus,89 20th St E #779,586-970-7380
Marti,4 Warehouse Point Rd #7,773-775-4522
Martina,7 W Wabansia Ave #227,407-471-6908
Marvel,9 Vanowen St,979-718-8968
Maryann,74 S Westgate St,518-966-7987
Matthew,636 Commerce Dr #42,952-651-7597
Mattie,73 State Road 434 E,602-277-4385
Maurine,59 Shady Ln #53,414-748-1374
Meaghan,69734 E Carrillo St,931-313-9635
Melissa,61 13 Stoneridge #835,419-939-3613
Melodie,326 E Main St #6496,805-690-1682
Merilyn,195 13n N,408-758-5015
Merissa,34 Raritan Center Pky,562-579-6900
Merlyn,4671 Alemany Blvd,201-588-7810
Micaela,20932 Hedley St,925-647-3298
Minna,2371 Jerrold Ave,215-874-1229
Mireya,8429 Miller Rd,914-868-5965
Mirta,7 S San Marcos Rd,212-870-1286
Mitsue,77 222 Dr,530-986-9272
Mitsue,7 Eads St,773-573-6914
Mitzie,17 Jersey Ave,303-402-1940
Mollie,8590 Lake Lizzie Dr,419-975-3182
Mona,38773 Gravois Ave,307-403-1488
Moon,74989 Brandon St,585-866-8313
Motley,407-413-4842,407-557-8857
Mozell,577 Parade St,650-947-1215
My,8 Mcarthur Ln,215-491-5633
Myra,461 Prospect Pl #316,817-914-7518
Nan,88827 Frankford Ave,336-370-5333
Nana,6 Van Buren St,914-855-2115
Natalie,7140 University Ave,307-704-8713
Nelida,3 State Route 35 S,201-971-1638
Nichelle,72 Beechwood Ter,773-225-9985
Nickolas,177 S Rider Trl #52,352-598-8301
Nicolette,1 Midway Rd,508-837-9230
Nieves,4940 Pulaski Park Dr,503-527-5274
Noah,1950 5th Ave,414-263-5287
Nobuko,8139 I Hwy 10 #92,508-855-9887
Norah,6 Middlegate Rd #106,415-306-7897
Novella,303 N Radcliffe St,808-477-4775
Nu,88 Sw 28th Ter,973-751-9003
Olive,13252 Lighthouse Ave,760-938-6069
Oretha,8 County Center Dr #647,617-418-5043
Ozell,8 Industry Ln,212-332-8435
Pamella,669 Packerland Dr #1438,303-404-2210
Pamella,5161 Dorsett Rd,305-420-8970
Paris,187 Market St,404-505-4445
Paz,919 Wall Blvd,601-927-8287
Peggie,9 N 14th St,619-608-1763
Penney,18 Fountain St,907-797-9628
Pete,2215 Prosperity Dr,201-825-2514
Portia,3732 Sherman Ave,908-722-7128
Quentin,7061 N 2nd St,952-702-7993
Quentin,278 Bayview Ave,734-561-6170
Raina,3829 Ventura Blvd,406-318-1515
Rasheeda,251 Park Ave #979,408-805-4309
Raul,4 E Colonial Dr,619-509-5282
Raylene,2 Sw Nyberg Rd,574-499-1454
Raymon,6538 E Pomona St #60,317-825-4724
Rebecka,2026 N Plankinton Ave #3,512-213-8574
Reena,9648 S Main,410-351-1863
Refugia,2184 Worth St,510-974-8671
Regenia,10759 Main St,480-726-1280
Reita,55262 N French Rd,317-234-1135
Renea,26 Montgomery St,770-679-4752
Ressie,23 Palo Alto Sq,305-604-8981
Rhea,25657 Live Oak St,718-560-9537
Rickie,3 N Groesbeck Hwy,419-693-1334
Rikki,1644 Clove Rd,305-968-9487
Rima,2972 Lafayette Ave,310-858-5079
Rodolfo,41 Steel Ct,507-210-3510
Rolande,65 W Maple Ave,808-315-3077
Rolland,2726 Charcot Ave,973-649-2922
Ronny,73 Southern Blvd,215-605-7570
Roosevelt,60 Old Dover Rd,305-622-4739
Rory,83 County Road 437 #8581,570-867-7489
Roselle,8116 Mount Vernon Ave,419-571-5920
Rosio,4 10th St W,336-243-5659
Roslyn,63517 Dupont St,601-234-9632
Roxane,1048 Main St,907-231-4722
Rozella,17 Morena Blvd,805-832-6163
Ruthann,3424 29th St Se,830-258-2769
Ryan,13 Gunnison St,972-558-1665
Sabra,98839 Hawthorne Blvd #6101,803-925-5213
Sage,5 Boston Ave #88,605-414-2147
Salena,1 Garfield Ave #7,330-791-8557
Salome,9677 Commerce Dr,804-550-5097
Samira,8772 Old County Rd #5410,206-311-4137
Sarah,45 2nd Ave #9759,770-732-1194
Scarlet,9390 S Howell Ave,229-735-3378
Selma,9 State Highway 57 #22,201-991-8369
Serina,7 S Beverly Dr,260-273-3725
Shalon,61047 Mayfield Ave,718-232-2337
Sharee,2094 Montour Blvd,231-467-9978
Sharen,62 W Austin St,516-816-1541
Sharika,75698 N Fiesta Blvd,407-312-1691
Shawna,5 N Cleveland Massillon Rd,805-275-3566
Shawnda,50126 N Plankinton Ave,407-538-5106
Shenika,4 Otis St,818-423-4007
Sheridan,2409 Alabama Rd,951-645-3605
Sherita,8 Us Highway 22,719-669-1664
Sheron,97 E 3rd St #9,718-976-8610
Shonda,82 Us Highway 46,973-482-2430
Simona,3 Mcauley Dr,419-503-2484
Skye,25 Minters Chapel Rd #9,612-508-2655
Solange,426 Wolf St,504-979-9175
Staci,18 Coronado Ave #563,626-866-2339
Stephaine,47154 Whipple Ave Nw,310-774-7643
Stephaine,3717 Hamann Industrial Pky,415-767-6596
Stephane,9 Tower Ave,859-717-7638
Stephen,3777 E Richmond St #900,330-537-5358
Stevie,26659 N 13th St,949-867-4077
sudhanshu,New Delhi,8765432109
Sue,2 Se 3rd Ave,972-666-3413
Sylvia,287 Youngstown Warren Rd,410-209-9545
Sylvie,649 Tulane Ave,918-644-9555
Talia,1 N Harlem Ave #9,973-245-2133
Tamar,2737 Pistorio Rd #9230,740-343-8575
Tammara,4800 Black Horse Pike,650-803-1936
Tarra,39 Moccasin Dr,415-411-1775
Taryn,48 Lenox St,703-322-4041
Tasia,4 Cowesett Ave,201-920-9002
Tawna,3305 Nabell Ave #679,212-674-9610
Teddy,46314 Route 130,203-892-3863
Tegan,62260 Park Stre,732-730-2692
Teri,99 Tank Farm Rd,570-889-5187
Terrilyn,3718 S Main St,504-463-4384
Thaddeus,5 Washington St #1,916-920-3571
Theodora,42744 Hamann Industrial Pky #82,305-936-8226
Theola,54169 N Main St,516-948-5768
Thurman,9387 Charcot Ave,609-524-3586
Tiera,87 Sierra Rd,626-636-4117
Tiffiny,32860 Sierra Rd,305-385-9695
Timothy,44 W 4th St,718-332-6527
Tonette,4545 Courthouse Rd,516-968-6051
Tracey,77132 Coon Rapids Blvd Nw,936-264-9294
Tresa,22 Bridle Ln,314-359-9566
Trinidad,10276 Brooks St,415-331-9634
Truman,539 Coldwater Canyon Ave,973-852-2736
Twana,1 Commerce Way,503-939-3153
Ty,4646 Kaahumanu St,201-672-1553
Tyra,3 Fort Worth Ave,215-255-1641
Valentin,137 Pioneer Way,312-303-5453
Valentine,775 W 17th St,210-812-9597
Vallie,74 W College St,208-862-5339
Van,90131 J St,908-409-2890
Venita,72119 S Walker Ave #63,714-523-6653
Veronika,6 Greenleaf Ave,408-540-1785
Vi,7163 W Clark Rd,732-605-4781
Vilma,79 S Howell Ave,616-737-3085
Vincent,4441 Point Term Mkt,215-372-1718
Vincenza,395 S 6th St #2,619-603-5125
Viola,70 Mechanic St,818-864-4875
Virgie,76598 Rd  I 95 #1,303-776-7548
Virgina,755 Harbor Way,414-214-8697
Viva,4284 Dorigo Ln,773-446-5569
Weldon,73 W Barstow Ave,847-353-2156
Whitley,2 S 15th St,817-526-4408
Wilda,1747 Calle Amanecer #2,907-870-5536
Willard,618 W Yakima Ave,972-303-9197
Willodean,55 Hawthorne Blvd,337-253-8384
Willow,90991 Thorburn Ave,212-582-4976
Winfred,201 Ridgewood Rd,208-252-4552
Wynell,94290 S Buchanan St,650-473-1262
Xochitl,3158 Runamuck Pl,512-233-1831
Xuan,2 Monroe St,650-933-5072
Yoko,9122 Carpenter Ave,203-506-4706
Yolando,422 E 21st St,315-304-4759
Youlanda,2881 Lewis Rd,541-548-8197
Yuki,1 State Route 27,313-288-7937
Yvonne,9 Waydell St,973-714-1721
Zona,49440 Dearborn St,203-461-1949
